,Q_char,Q_line,A_char,A_line
0,,,일화,(컵과 주전자 갖고 들어오며) 아이고.. 잘 밤에 고만 무라.
1,일화,(컵과 주전자 갖고 들어오며) 아이고.. 잘 밤에 고만 무라.,동일,"아따, 그나저나 이제 연휴도 끝나가고"
2,동일,"아따, 그나저나 이제 연휴도 끝나가고",노을,"... 은행도 방학 있음 참 좋을 텐데. 그치, 아빠."
3,노을,"... 은행도 방학 있음 참 좋을 텐데. 그치, 아빠.",동일,(말이라구.. 피식 웃으면)
4,동일,(말이라구.. 피식 웃으면),노을,"난 학교 안 가니깐, 진짜 살 것 같애. (하는데)"
5,노을,"난 학교 안 가니깐, 진짜 살 것 같애. (하는데)",일화,(그를 향해 주먹 날리는) 니 올해 고2다이..!!!
6,일화,(그를 향해 주먹 날리는) 니 올해 고2다이..!!!,노을,"(치..) 작은 누나는. 작은 누나도 1,000등이야."
7,노을,"(치..) 작은 누나는. 작은 누나도 1,000등이야.",일화,"덕선이 그거는 그래도 1,000등 밖으로는 안 나갔다. 니보다는 낫다."
8,일화,"덕선이 그거는 그래도 1,000등 밖으로는 안 나갔다. 니보다는 낫다.",동일,"아, 글제.."
9,동일,"아, 글제..",노을,둘리. 과자 사러.
10,노을,둘리. 과자 사러.,일화,"옴마야, 가시나 그, 겁도 없다이.."
11,일화,"옴마야, 가시나 그, 겁도 없다이..",정환,(OFF) 왜 이래?!!!
12,정환,(OFF) 왜 이래?!!!,덕선,"(놀라며 돌아보고, 안도의 한숨 내쉬는) 야, 씨 놀랬잖아!!!!!"
13,덕선,"(놀라며 돌아보고, 안도의 한숨 내쉬는) 야, 씨 놀랬잖아!!!!!",정환,(후드티 쓴 채.. 눈 껌뻑..)
14,정환,(후드티 쓴 채.. 눈 껌뻑..),덕선,"아, 왜 사람 뒤를 졸졸 따라와!!!"
15,덕선,"아, 왜 사람 뒤를 졸졸 따라와!!!",정환,뭘 따라와..!? 여기 우리 집이야.
16,정환,뭘 따라와..!? 여기 우리 집이야.,덕선,"야, 그럼 소리라도 내던가."
17,덕선,"야, 그럼 소리라도 내던가.",정환,무슨 소리를 내. 누가 가는데 소리를 내냐!?
18,정환,무슨 소리를 내. 누가 가는데 소리를 내냐!?,덕선,..
19,덕선,..,정환,야. 안 그래도 너 부를라 그랬어.
20,정환,야. 안 그래도 너 부를라 그랬어.,덕선,너! 너!! 너!!! 니가 쫓아왔잖아!!!!
21,덕선,너! 너!! 너!!! 니가 쫓아왔잖아!!!!,정환,"(어이없는) 아니, 누.., 누가, 누굴 쫓아가냐구.. 내 집 내가 가는데!!!"
22,정환,"(어이없는) 아니, 누.., 누가, 누굴 쫓아가냐구.. 내 집 내가 가는데!!!",덕선,"아, 몰라!!!!!!! (쿵쿵대며 가면)"
23,덕선,"아, 몰라!!!!!!! (쿵쿵대며 가면)",정환,야!!!덕선(돌아보고) 뭐!?
24,정환,야!!!덕선(돌아보고) 뭐!?,정환,"(문 닫고, 쿵쿵대며 올라가는, 찌릿 노려보고 무심한 듯) .. 잘 자라."
25,정환,"(문 닫고, 쿵쿵대며 올라가는, 찌릿 노려보고 무심한 듯) .. 잘 자라.",노을,누나. 사왔어? (두 손 내밀면)
26,노을,누나. 사왔어? (두 손 내밀면),덕선,(노을의 손바닥 위에 과자 툭! 놔주고) 자.
27,덕선,(노을의 손바닥 위에 과자 툭! 놔주고) 자.,노을,땡큐!
28,노을,땡큐!,덕선,성보라는?
29,덕선,성보라는?,노을,큰누나? 데이트.
30,노을,큰누나? 데이트.,덕선,응? 안 헤어졌어?
31,덕선,응? 안 헤어졌어?,노을,어. 다시 만나는 것 같애.
32,노을,어. 다시 만나는 것 같애.,덕선,오.. 첫사랑이라 이거지!?
33,덕선,오.. 첫사랑이라 이거지!?,노을,"(과자 먹으며 자리에 앉고, 가만히 듣다가) 누나, 이거 누구 노래야?"
34,노을,"(과자 먹으며 자리에 앉고, 가만히 듣다가) 누나, 이거 누구 노래야?",덕선,라디오야!
35,덕선,라디오야!,노을,제목이 뭔데?
36,노을,제목이 뭔데?,덕선,오오..!!!
37,덕선,오오..!!!,선우,(피식) 오..!!
38,선우,(피식) 오..!!,동룡,(밑에서 선우의 허벅지를 툭툭 치고) 들었어?
39,동룡,(밑에서 선우의 허벅지를 툭툭 치고) 들었어?,선우,(대답 안 하고)
40,선우,(대답 안 하고),동룡,(듣다가) 야!! 신인 코메디언 이경규도 나온대!!
41,동룡,(듣다가) 야!! 신인 코메디언 이경규도 나온대!!,선우,(찡그리면)
42,선우,(찡그리면),동룡,"(찡그리며 이어폰 끼고, 눈 감는) 선우야. 너 안 잘 거야?"
43,동룡,"(찡그리며 이어폰 끼고, 눈 감는) 선우야. 너 안 잘 거야?",선우,집에 가서 자. 니 집이 더 따뜻해.
44,선우,집에 가서 자. 니 집이 더 따뜻해.,동룡,넌 아무리 따뜻해도 교무실에서 잘 수 있냐? 나 잔다.
45,동룡,넌 아무리 따뜻해도 교무실에서 잘 수 있냐? 나 잔다.,미란,(휑한 골목을 보더니) 오늘은 안 보이네 봉황당..?
46,미란,(휑한 골목을 보더니) 오늘은 안 보이네 봉황당..?,미란,(큰소리로) 택아!
47,미란,(큰소리로) 택아!,택,(보고)
48,택,(보고),미란,아빠는!?
49,미란,아빠는!?,택,안녕하세요!!
50,택,안녕하세요!!,미란,아빠 어디 갔어!? 골목도 안 쓸구!!
51,미란,아빠 어디 갔어!? 골목도 안 쓸구!!,택,김해요. 아빠랑 제일 친한 아저씨가 갑자기 쓰러지셨어요.
52,택,김해요. 아빠랑 제일 친한 아저씨가 갑자기 쓰러지셨어요.,미란,아이구.. 어떡해.. (혀 차고)
53,미란,아이구.. 어떡해.. (혀 차고),택,"아, 그럼 일루 와!! 아침 같이 먹게. 아줌마가 갈비찜 했어!!!"
54,택,"아, 그럼 일루 와!! 아침 같이 먹게. 아줌마가 갈비찜 했어!!!",택,아. (웃고) 네!!
55,택,아. (웃고) 네!!,덕선,"(화장실에서 나오고) 아줌마, 저도요!!"
56,덕선,"(화장실에서 나오고) 아줌마, 저도요!!",미란,(택과 다른 불친절함..) 엄마 어디 갔어?
57,미란,(택과 다른 불친절함..) 엄마 어디 갔어?,덕선,아니요? 갈비찜 먹고 싶어서요.
58,덕선,아니요? 갈비찜 먹고 싶어서요.,미란,.......
59,미란,.......,정환,.. 야. 우리 집이 적십자냐?
60,정환,.. 야. 우리 집이 적십자냐?,덕선,적십자가 뭐야?
61,덕선,적십자가 뭐야?,동룡,헌혈하는 데.
62,동룡,헌혈하는 데.,덕선,(끄덕이며) 응.
63,덕선,(끄덕이며) 응.,정환,...
64,정환,...,덕선,"(고기를 택의 밥 위에 올려주며) 야, 도롱뇽. 근데 너 왜 여기 있냐?"
65,덕선,"(고기를 택의 밥 위에 올려주며) 야, 도롱뇽. 근데 너 왜 여기 있냐?",동룡,"우리 엄마 새벽에 출근했고, 학주 지금 아침부터 카레 해."
66,동룡,"우리 엄마 새벽에 출근했고, 학주 지금 아침부터 카레 해.",덕선,갈비찜인진 어떻게 알았냐..?
67,덕선,갈비찜인진 어떻게 알았냐..?,동룡,내 방에서 다 들려!!
68,동룡,내 방에서 다 들려!!,택,(끄덕이면)
69,택,(끄덕이면),동룡,"오늘 니 방에서, 비디오 한 편 때리자."
70,동룡,"오늘 니 방에서, 비디오 한 편 때리자.",택,(미소 짓는데)
71,택,(미소 짓는데),선우,(들어오는) 아줌마!!
72,선우,(들어오는) 아줌마!!,정환,"어. 왔어? 야, 밥 먹어."
73,정환,"어. 왔어? 야, 밥 먹어.",덕선,(찌릿)
74,덕선,(찌릿),선우,아니야. 나 먹고 왔어. (빈 접시 들고 식탁에 앉으며) 아줌마한테
75,선우,아니야. 나 먹고 왔어. (빈 접시 들고 식탁에 앉으며) 아줌마한테,정환,어.
76,정환,어.,덕선,".. 아, 맞다!!"
77,덕선,".. 아, 맞다!!",정환,쨈이 아니라. 잼.
78,정환,쨈이 아니라. 잼.,덕선,".. 잘났어, 정말.."
79,덕선,".. 잘났어, 정말..",정환,난 콜.
80,정환,난 콜.,덕선,(택에게) 너는?
81,덕선,(택에게) 너는?,택,(아쉽다는 듯 찡그리는) 난 대회 있어.
82,택,(아쉽다는 듯 찡그리는) 난 대회 있어.,덕선,(아쉽다는 듯) 응...
83,덕선,(아쉽다는 듯) 응...,선우,나도 가고 싶은데.. 난 안 돼.
84,선우,나도 가고 싶은데.. 난 안 돼.,덕선,(단호히) 넌 됐고. 도롱뇽. 가자.
85,덕선,(단호히) 넌 됐고. 도롱뇽. 가자.,선우,(민망한..)
86,선우,(민망한..),동룡,난 다음 주에 제주도 가. 넷째 형네.
87,동룡,난 다음 주에 제주도 가. 넷째 형네.,덕선,"아, 뭐야 진짜.. 그럼 나랑 개정팔이랑 둘이 가라고? 담에 가지, 뭐.."
88,덕선,"아, 뭐야 진짜.. 그럼 나랑 개정팔이랑 둘이 가라고? 담에 가지, 뭐..",정환,.. 난 갈 건데..?
89,정환,.. 난 갈 건데..?,덕선,(놀란 채 보면)
90,덕선,(놀란 채 보면),정환,.. 가.. 너 이문세 좋아한다며.
91,정환,.. 가.. 너 이문세 좋아한다며.,덕선,.. (놀란 채 끄덕이면)
92,덕선,.. (놀란 채 끄덕이면),정환,.. 엄마. 누룽지 어디 있어요?! (일어나 주방으로 들어가고)
93,정환,.. 엄마. 누룽지 어디 있어요?! (일어나 주방으로 들어가고),동룡,선우 너도 콘서트 표 샀다 그러지 않았어? 이선희 콘서트?
94,동룡,선우 너도 콘서트 표 샀다 그러지 않았어? 이선희 콘서트?,택,이선희? 그 동그란 안경 쓰신 분?
95,택,이선희? 그 동그란 안경 쓰신 분?,동룡,오우..!! 이선희는 또 어떻게 아셔? 들국화밖에 모르는 놈이?
96,동룡,오우..!! 이선희는 또 어떻게 아셔? 들국화밖에 모르는 놈이?,택,선우가 테이프 몇 개 줬어.
97,택,선우가 테이프 몇 개 줬어.,선우,28일.
98,선우,28일.,택,(?) 어?
99,택,(?) 어?,선우,표가 2장밖에 없어..!!
100,선우,표가 2장밖에 없어..!!,동룡,"(젓가락 두고) 누구랑 가게. (선우에 어깨동무 하고) 선우, 고맙다."
101,동룡,"(젓가락 두고) 누구랑 가게. (선우에 어깨동무 하고) 선우, 고맙다.",선우,(웃으며 어깨동무 풀고) 고맙긴. 근데 너도 못 가.
102,선우,(웃으며 어깨동무 풀고) 고맙긴. 근데 너도 못 가.,보라,"(하..) 뭐 하냐, 여기서?"
103,보라,"(하..) 뭐 하냐, 여기서?",선우,(티켓 내밀고) 누나. 저랑 이선희 콘서트 같이 가요.
104,선우,(티켓 내밀고) 누나. 저랑 이선희 콘서트 같이 가요.,보라,(이어폰 빼고) 싫어. 내가 너랑 거길 왜 가.
105,보라,(이어폰 빼고) 싫어. 내가 너랑 거길 왜 가.,선우,"그냥, 콘서트 표에요. 아무 뜻 없어요."
106,선우,"그냥, 콘서트 표에요. 아무 뜻 없어요.",보라,그래두 너랑은 안 가.
107,보라,그래두 너랑은 안 가.,선우,...
108,선우,...,보라,(나머지 이어폰 빼고) 그동안은 너 좋은 애인 거 아니까 참은 거다.
109,보라,(나머지 이어폰 빼고) 그동안은 너 좋은 애인 거 아니까 참은 거다.,선우,...
110,선우,...,보라,"까불지 마, 너. 너 그냥 내 동생 친구야. 덕선이 친구라고."
111,보라,"까불지 마, 너. 너 그냥 내 동생 친구야. 덕선이 친구라고.",덕선,"(좋아하며 정환을 툭툭 때리는) 캡이야, 캡!!"
112,덕선,"(좋아하며 정환을 툭툭 때리는) 캡이야, 캡!!",정환,"(아파하다, 버럭) 아우, 아퍼!! 좀, 진짜!! 아..!! 왜 이래..!!"
113,정환,"(아파하다, 버럭) 아우, 아퍼!! 좀, 진짜!! 아..!! 왜 이래..!!",덕선,(코를 훌쩍이고) 너무 춥다.
114,덕선,(코를 훌쩍이고) 너무 춥다.,정환,"(미니스커트 보고) 아, 그러게 뭐 하러 치마를 입고 와..!!"
115,정환,"(미니스커트 보고) 아, 그러게 뭐 하러 치마를 입고 와..!!",덕선,.. (한숨 쉬고) 넌 나 없으면 어떻게 살어..?
116,덕선,.. (한숨 쉬고) 넌 나 없으면 어떻게 살어..?,정환,".. (보고) 왜 이래, 또."
117,정환,".. (보고) 왜 이래, 또.",덕선,"너 내 욕하는 재미로 살잖아. 어? 그리고 여자가, 어?"
118,덕선,"너 내 욕하는 재미로 살잖아. 어? 그리고 여자가, 어?",정환,미쳤냐?!! 내가 왜!?
119,정환,미쳤냐?!! 내가 왜!?,정환,"(두 손 모아 공손히) 아, 예."
120,정환,"(두 손 모아 공손히) 아, 예.",정환,"자. 예, 찍습니다."
121,정환,"자. 예, 찍습니다.",덕선,"(정환과 동시에) 아, 저흰 됐어요."
122,덕선,"(정환과 동시에) 아, 저흰 됐어요.",정환,(덕선과 동시에) 예! 감사합니다!!!
123,정환,(덕선과 동시에) 예! 감사합니다!!!,덕선,"아, 그냥 빨리빨리 대.., (하는데)"
124,덕선,"아, 그냥 빨리빨리 대.., (하는데)",선영,"뭔 일이고. 어? 이래 며칠씩이나 문을 다 닫고, 야..!!"
125,선영,"뭔 일이고. 어? 이래 며칠씩이나 문을 다 닫고, 야..!!",미란,(쓰레기봉투 들고 집에서 나오는) 선우야!!선영예.
126,미란,(쓰레기봉투 들고 집에서 나오는) 선우야!!선영예.,미란,들어 와. 맞고나 치게.
127,미란,들어 와. 맞고나 치게.,선영,"맞고.. (뛰어가며) 맞고, 원고. 맞고, 때리고, 맞고, 때리고..!!!"
128,선영,"맞고.. (뛰어가며) 맞고, 원고. 맞고, 때리고, 맞고, 때리고..!!!",태용,우째 이런 일이 다 있노..
129,태용,우째 이런 일이 다 있노..,무성,(말없이 소주 따르고)
130,무성,(말없이 소주 따르고),태용,무성아.
131,태용,무성아.,무성,..
132,무성,..,태용,우리가 벌써 이런 나이가. 마흔다섯이.. 벌써 죽을 나이냐고..
133,태용,우리가 벌써 이런 나이가. 마흔다섯이.. 벌써 죽을 나이냐고..,무성,".. 죽는 게 어디 순서가 있나. 사는 기 항시 이렇지, 뭐."
134,무성,".. 죽는 게 어디 순서가 있나. 사는 기 항시 이렇지, 뭐.",태용,..
135,태용,..,무성,"악착 같이 살면 뭐하노. 이래 하룻밤 새, 가삐는데."
136,무성,"악착 같이 살면 뭐하노. 이래 하룻밤 새, 가삐는데.",선영,정봉이 요새 안 보이데. 어디 갔습니까.
137,선영,정봉이 요새 안 보이데. 어디 갔습니까.,미란,어. 절에 갔어.
138,미란,어. 절에 갔어.,선영,(?) 절에요..!? 와 또. 어디 아픕니까!?
139,선영,(?) 절에요..!? 와 또. 어디 아픕니까!?,미란,아니야. 그냥 바람 좀 쐰다고 갔어.
140,미란,아니야. 그냥 바람 좀 쐰다고 갔어.,선영,"그래두요. 영 먹는 게 부실할 텐데, 왜."
141,선영,"그래두요. 영 먹는 게 부실할 텐데, 왜.",미란,(참내.. 피식 웃고) 정봉이가 라면 다음으로 좋아하는 게 뭔지 알어?
142,미란,(참내.. 피식 웃고) 정봉이가 라면 다음으로 좋아하는 게 뭔지 알어?,선영,어?
143,선영,어?,미란,나물. 나물 들어간 산채비빔밥에 환장을 해..!!
144,미란,나물. 나물 들어간 산채비빔밥에 환장을 해..!!,정봉,(불교 예를 갖추며) 저기. 스님.
145,정봉,(불교 예를 갖추며) 저기. 스님.,선우,네 집 초인종을 여러 번 누르는 우편배달부.
146,선우,네 집 초인종을 여러 번 누르는 우편배달부.,선영,"(다가가서) 저기요. (연탄 놓고) 강만순 씨는, 와 찾는데요?"
147,선영,"(다가가서) 저기요. (연탄 놓고) 강만순 씨는, 와 찾는데요?",선영,"어데요. 강만순 씬 아이고, 여 사는 사람인데요."
148,선영,"어데요. 강만순 씬 아이고, 여 사는 사람인데요.",선영,김선영이요.
149,선영,김선영이요.,선영,시어머닙니다.
150,선영,시어머닙니다.,선영,..??
151,선영,..??,선영,"(통지서를 손바닥으로 치며) 아니.., 저.., 이게 뭡니까?!"
152,선영,"(통지서를 손바닥으로 치며) 아니.., 저.., 이게 뭡니까?!",법원,"(F) 강만순 씨가 조흥은행에 대출 받으시면서,"
153,법원,"(F) 강만순 씨가 조흥은행에 대출 받으시면서,",선영,"(당황스러운) 예..? 아니 그게.., 그게 지금 뭔 말입니까..!?"
154,선영,"(당황스러운) 예..? 아니 그게.., 그게 지금 뭔 말입니까..!?",법원,"(F - 한숨 쉬고) 강만순 씨가 은행에 돈을 안 갚으셔서,"
155,법원,"(F - 한숨 쉬고) 강만순 씨가 은행에 돈을 안 갚으셔서,",선영,(흥분해 바들바들 떨며) 아니..!!
156,선영,(흥분해 바들바들 떨며) 아니..!!,법원,(F) 명의가 강만순 씨 앞으로 되어 있네요.
157,법원,(F) 명의가 강만순 씨 앞으로 되어 있네요.,선영,"(답답한) 아니, 명의만 강만순 씨지요. 내 집이라니깐요."
158,선영,"(답답한) 아니, 명의만 강만순 씨지요. 내 집이라니깐요.",법원,(F) 아... 그건 대출 받은 분이랑 얘기하세요. 그럼 끊겠습니다.
159,법원,(F) 아... 그건 대출 받은 분이랑 얘기하세요. 그럼 끊겠습니다.,선영,(...) 여보세요!? 여보세요!!?
160,선영,(...) 여보세요!? 여보세요!!?,선영,"(서서 통화 중, 바들바들 떨며) 어머이..!!"
161,선영,"(서서 통화 중, 바들바들 떨며) 어머이..!!",만순,(F) 그럼. 니 시동생 감빵 살게 하니? 너 이제 남이다 이거야?
162,만순,(F) 그럼. 니 시동생 감빵 살게 하니? 너 이제 남이다 이거야?,선영,"(바들바들, 방방 뛰며) 그래도 이 집은 건드리시면 안 되지요."
163,선영,"(바들바들, 방방 뛰며) 그래도 이 집은 건드리시면 안 되지요.",만순,"(F) 너는 어떻게 된 애가 그래, 돈 1,000만원이 없니..?"
164,만순,"(F) 너는 어떻게 된 애가 그래, 돈 1,000만원이 없니..?",선영,(어이없고)
165,선영,(어이없고),만순,(F) 선우 애기 연금 대체 어디다 다 쓰니!?
166,만순,(F) 선우 애기 연금 대체 어디다 다 쓰니!?,선영,(허..)
167,선영,(허..),만순,(F) 암튼 난 모르겠다. 집 나가면 애들은 회현동으로 보내.
168,만순,(F) 암튼 난 모르겠다. 집 나가면 애들은 회현동으로 보내.,선영,"(끊기면, 수화기 떼고) 이 뭐.., 뭐고, 이게..!!"
169,선영,"(끊기면, 수화기 떼고) 이 뭐.., 뭐고, 이게..!!",노을,와.. 작은누나 진짜 춤 캡 못 춘다. (중얼거리면)
170,노을,와.. 작은누나 진짜 춤 캡 못 춘다. (중얼거리면),덕선,".. (그를 향해 발 뻗으며, 신경질적으로) 해봐!!"
171,덕선,".. (그를 향해 발 뻗으며, 신경질적으로) 해봐!!",덕선,을 째려보더니.. 약 올리듯 이어서 미니 ㄱㄴ춤을 추는 노을.
172,덕선,을 째려보더니.. 약 올리듯 이어서 미니 ㄱㄴ춤을 추는 노을.,덕선,"(그런 노을을 따라하다가, 발로 차며 풀썩 앉는) 아, 짜증나."
173,덕선,"(그런 노을을 따라하다가, 발로 차며 풀썩 앉는) 아, 짜증나.",일화,(주방에서 문 열고) 덕선아!
174,일화,(주방에서 문 열고) 덕선아!,덕선,(TV 집중) 어!
175,덕선,(TV 집중) 어!,일화,택이한테 전화 좀 해봐라. 집에 있음 저녁 무러 오라꼬이?!!
176,일화,택이한테 전화 좀 해봐라. 집에 있음 저녁 무러 오라꼬이?!!,덕선,"(통화 중, 찡그린) 그래도 와서 먹어. 저녁은 먹어야지."
177,덕선,"(통화 중, 찡그린) 그래도 와서 먹어. 저녁은 먹어야지.",택,(F) 괜찮아. 생각 없어.
178,택,(F) 괜찮아. 생각 없어.,덕선,알았어.
179,덕선,알았어.,일화,(E) 가다가 또 엎어불지 말고. 단디 주고 온나이.
180,일화,(E) 가다가 또 엎어불지 말고. 단디 주고 온나이.,택,이한테 뜨실 때 묵으라 캐라이!!
181,택,이한테 뜨실 때 묵으라 캐라이!!,덕선,"(한숨 쉬고) 희동이 이거, 은근 사람 귀찮게 한다니까.. (가고)"
182,덕선,"(한숨 쉬고) 희동이 이거, 은근 사람 귀찮게 한다니까.. (가고)",덕선,"(나오며, 중얼중얼) 최택 진짜, 사람 귀찮게 하는데 뭐 있다니깐..!!"
183,덕선,"(나오며, 중얼중얼) 최택 진짜, 사람 귀찮게 하는데 뭐 있다니깐..!!",택,(밝게 웃으며 정환이네 가리키면)
184,택,(밝게 웃으며 정환이네 가리키면),덕선,저녁 안 먹는다 그러더니..?
185,덕선,저녁 안 먹는다 그러더니..?,택,잠깐 머리 좀 식히려구. (냄비 보고) 내 거야?
186,택,잠깐 머리 좀 식히려구. (냄비 보고) 내 거야?,덕선,응. 그럼 같이 먹어. 우리 집에서.
187,덕선,응. 그럼 같이 먹어. 우리 집에서.,택,응. 줘. (냄비 들고 덕선네 집으로 천천히 걸으면)
188,택,응. 줘. (냄비 들고 덕선네 집으로 천천히 걸으면),덕선,(같이 걸으며) 최택. 너 지금 1월인 건 아냐?
189,덕선,(같이 걸으며) 최택. 너 지금 1월인 건 아냐?,택,왜. 내가 뭐 잘못했는데?
190,택,왜. 내가 뭐 잘못했는데?,덕선,너 안 추워?
191,덕선,너 안 추워?,택,"아, 코앞인데 뭐. 괜찮아."
192,택,"아, 코앞인데 뭐. 괜찮아.",덕선,"아으.. 넌 애가. 예민한 건지, 둔한 건지. 당최 알 수가 없어요."
193,덕선,"아으.. 넌 애가. 예민한 건지, 둔한 건지. 당최 알 수가 없어요.",덕선,빨리 와.
194,덕선,빨리 와.,일화,(택의 앞에 국 놓아주며) 자. 택아.
195,일화,(택의 앞에 국 놓아주며) 자. 택아.,택,(조용히) 감사합니다.
196,택,(조용히) 감사합니다.,일화,응. 마이 무라.
197,일화,응. 마이 무라.,택,내일 아침에나 올라오실 거예요. 가게 너무 오래 비워두셨다구.
198,택,내일 아침에나 올라오실 거예요. 가게 너무 오래 비워두셨다구.,일화,억수로 친한 친군갑다이..?! 가게를 그리 오랫동안 다 비우고야.
199,일화,억수로 친한 친군갑다이..?! 가게를 그리 오랫동안 다 비우고야.,택,삼총사셨어요. 아빠랑.. 태용이 삼촌이랑. 돌아가신 삼촌이랑 해서.
200,택,삼총사셨어요. 아빠랑.. 태용이 삼촌이랑. 돌아가신 삼촌이랑 해서.,일화,(아픈) 맞나..
201,일화,(아픈) 맞나..,택,맛있게 잘 먹겠습니다.
202,택,맛있게 잘 먹겠습니다.,일화,오야. 마이 무라.
203,일화,오야. 마이 무라.,택,"아, 마이 무라."
204,택,"아, 마이 무라.",택,네.
205,택,네.,일화,"밥 더 묵고 싶음 덕선이한테 ㅁ.., (하는데)"
206,일화,"밥 더 묵고 싶음 덕선이한테 ㅁ.., (하는데)",덕선,..!!...
207,덕선,..!!...,일화,..!!...
208,일화,..!!...,덕선,(한 수저 퍼서 자신의 밥그릇에 옮기는) 내가 얘 도와주는 거야.
209,덕선,(한 수저 퍼서 자신의 밥그릇에 옮기는) 내가 얘 도와주는 거야.,일화,그 시어머니 진짜 너무한다.
210,일화,그 시어머니 진짜 너무한다.,선영,(한숨 푹 내쉬고) 자기가 키우겠답니다.
211,선영,(한숨 푹 내쉬고) 자기가 키우겠답니다.,미란,"아, 뭐 이런 인간이 다 있어? 어? 아우..!! 짜증나, 진짜..!!"
212,미란,"아, 뭐 이런 인간이 다 있어? 어? 아우..!! 짜증나, 진짜..!!",일화,"근데.. 1,000만원 그 큰 돈을 어디서 구하노, 아이구야.. 기가 찬다."
213,일화,"근데.. 1,000만원 그 큰 돈을 어디서 구하노, 아이구야.. 기가 찬다.",선영,(멍 때린 채 피식)
214,선영,(멍 때린 채 피식),일화,이번 달 말일까지 은행에 내야 된다꼬..!?
215,일화,이번 달 말일까지 은행에 내야 된다꼬..!?,선영,"예. 말일까지, 조흥은행에다가 1,000만원 갚으면은,"
216,선영,"예. 말일까지, 조흥은행에다가 1,000만원 갚으면은,",미란,"어휴.. 나도 몇 백이면, 뭐 어떻게 해보겠는데."
217,미란,"어휴.. 나도 몇 백이면, 뭐 어떻게 해보겠는데.",일화,내도.. 어디 아는데 함 빌리볼게.
218,일화,내도.. 어디 아는데 함 빌리볼게.,선영,"(고개를 저으며) 아이시더, 아이시더.."
219,선영,"(고개를 저으며) 아이시더, 아이시더..",미란,(가만히 듣다가) 선우야.. 괜찮아.. 응?
220,미란,(가만히 듣다가) 선우야.. 괜찮아.. 응?,선영,".. 괘않습니다, 성님."
221,선영,".. 괘않습니다, 성님.",선영,.. 성님.
222,선영,.. 성님.,선영,우리 선우는 또 어떤데요. 아이고.. 참.
223,선영,우리 선우는 또 어떤데요. 아이고.. 참.,일화,"(끄덕이고) 그래, 선우 같은 아가 어디 있노."
224,일화,"(끄덕이고) 그래, 선우 같은 아가 어디 있노.",선영,"그래 살았는데도. 마.. 응..? 그래 내, 악착 같이 살았는데..!!"
225,선영,"그래 살았는데도. 마.. 응..? 그래 내, 악착 같이 살았는데..!!",미란,..
226,미란,..,일화,.. 선우야..
227,일화,.. 선우야..,선영,성님아.. 인생이.. 이래 내만 힘드나..? 응..?
228,선영,성님아.. 인생이.. 이래 내만 힘드나..? 응..?,미란,(아픈) ...
229,미란,(아픈) ...,선영,마 내만 이래 힘든교.
230,선영,마 내만 이래 힘든교.,선우,(E) 엄마. 아들 왔어!!
231,선우,(E) 엄마. 아들 왔어!!,선영,(나오며) 우리 아들 왔나?
232,선영,(나오며) 우리 아들 왔나?,선우,어. 진주는?
233,선우,어. 진주는?,선영,진주. 벌시로 잔다.
234,선영,진주. 벌시로 잔다.,선우,엄마 먼저 자. 나 좀 이따 잘게.
235,선우,엄마 먼저 자. 나 좀 이따 잘게.,선영,.. (주머니에 손 넣고) 응. 괘않다. 병원 갈게.
236,선영,.. (주머니에 손 넣고) 응. 괘않다. 병원 갈게.,선우,"아, 맨날. 말만..!!"
237,선우,"아, 맨날. 말만..!!",선영,진짜 간다이께네. 걱정 좀 하지 마이소.
238,선영,진짜 간다이께네. 걱정 좀 하지 마이소.,선우,응!! (미소 지으며 방으로)
239,선우,응!! (미소 지으며 방으로),동일,(문 열린 봉황당 앞에서 멈추고) 음마?
240,동일,(문 열린 봉황당 앞에서 멈추고) 음마?,동일,"이따 저녁에, (똑!) 한 잔 하세. (급 정색하며 집으로 터덜터덜)"
241,동일,"이따 저녁에, (똑!) 한 잔 하세. (급 정색하며 집으로 터덜터덜)",무성,에게 목례 인사를 한 후 동일의 뒤를 따라가는 노을.
242,무성,에게 목례 인사를 한 후 동일의 뒤를 따라가는 노을.,노을,"과 함께 콩나물 다듬는 일화의 눈치를 보며,"
243,노을,"과 함께 콩나물 다듬는 일화의 눈치를 보며,",동일,"아-따, 벌써 6시네. 머나먼 정글 하구만."
244,동일,"아-따, 벌써 6시네. 머나먼 정글 하구만.",일화,(보고) .. 또 술 무러 가제.
245,일화,(보고) .. 또 술 무러 가제.,동일,"아-따, 이 사람아. 술이 중요한 것이 아니라.."
246,동일,"아-따, 이 사람아. 술이 중요한 것이 아니라..",일화,핑계도 좋다.. 핑계도 좋아..
247,일화,핑계도 좋다.. 핑계도 좋아..,동일,"아따, 오늘은 참말로다가. 진심으로 봉황당 위로해줄라 근다니까..!!"
248,동일,"아따, 오늘은 참말로다가. 진심으로 봉황당 위로해줄라 근다니까..!!",노을,다녀오세요.
249,노을,다녀오세요.,동일,(문 열며) 제정신도 아닐 것이여.
250,동일,(문 열며) 제정신도 아닐 것이여.,동일,(들어오며) 봉황당!! 나 왔네!!!
251,동일,(들어오며) 봉황당!! 나 왔네!!!,동일,"아, 이 사람아! 봉황당!! 봉황당!!! (무성을 깨우며) 아, 이 사람아!!!!"
252,동일,"아, 이 사람아! 봉황당!! 봉황당!!! (무성을 깨우며) 아, 이 사람아!!!!",동일,큰일 날 뻔 했구만.
253,동일,큰일 날 뻔 했구만.,일화,아이구..
254,일화,아이구..,동일,"깜짝 놀래부렀네. (의사 오면, 고개 숙여 인사하는)"
255,동일,"깜짝 놀래부렀네. (의사 오면, 고개 숙여 인사하는)",주치의,"이 분, 30분만 늦었어두 식물인간 되셨을 겁니다."
256,주치의,"이 분, 30분만 늦었어두 식물인간 되셨을 겁니다.",일화,"엄마야..!!! 엄마야. 아이고.. 지금.., 지금은 괜찮습니꺼..!?"
257,일화,"엄마야..!!! 엄마야. 아이고.. 지금.., 지금은 괜찮습니꺼..!?",주치의,"예. 다행히 빨리 발견하셔서, 생명엔 큰 지장은 없습니다."
258,주치의,"예. 다행히 빨리 발견하셔서, 생명엔 큰 지장은 없습니다.",동일,아이고..
259,동일,아이고..,주치의,원래 혈압이 높으셔서 조심하셨어야 됐는데..
260,주치의,원래 혈압이 높으셔서 조심하셨어야 됐는데..,주치의,"좀 있으면 바로 깨실 거예요. 예후는 좀 더 지켜봐야겠지만,"
261,주치의,"좀 있으면 바로 깨실 거예요. 예후는 좀 더 지켜봐야겠지만,",동일,/일화예..!!
262,동일,/일화예..!!,주치의,"어쨌든, 생명의 은인이시네요."
263,주치의,"어쨌든, 생명의 은인이시네요.",동일,(칭찬에 뿌듯한) 아이고..
264,동일,(칭찬에 뿌듯한) 아이고..,일화,(여러 번 고개 숙이며) 샘요..!! 감사합니다..!!! 고맙습니다..!!!
265,일화,(여러 번 고개 숙이며) 샘요..!! 감사합니다..!!! 고맙습니다..!!!,동일,"(일화를 가볍게 안고) 여보, 잘됐다."
266,동일,"(일화를 가볍게 안고) 여보, 잘됐다.",일화,불쌍해서 우얄꼬.. 마누라도 엄꼬.. 택이도 연락이 안 되고.
267,일화,불쌍해서 우얄꼬.. 마누라도 엄꼬.. 택이도 연락이 안 되고.,동일,이 사람아. 얘기 들었제? 응?
268,동일,이 사람아. 얘기 들었제? 응?,일화,".. (피식) 아, 말이나 몬하믄..!! 퍼뜩 기원에 전화나 한 번 더 해라."
269,일화,".. (피식) 아, 말이나 몬하믄..!! 퍼뜩 기원에 전화나 한 번 더 해라.",일화,(보고) 아이고.
270,일화,(보고) 아이고.,미란,병원 언제 출발해.
271,미란,병원 언제 출발해.,일화,인자 슬슬 나가볼라꼬요. (보자기 보고) 그 뭡니꺼.
272,일화,인자 슬슬 나가볼라꼬요. (보자기 보고) 그 뭡니꺼.,미란,응. 흰죽 좀 했어. 딴 건 좀 부담스러울 것 같아서.
273,미란,응. 흰죽 좀 했어. 딴 건 좀 부담스러울 것 같아서.,일화,예. 오늘 저녁부터 금식 풀릴 깁니더.
274,일화,예. 오늘 저녁부터 금식 풀릴 깁니더.,미란,"응.. 그래? 그럼, 다음 내 차례 땐 굴비 좀 구워야겠다."
275,미란,"응.. 그래? 그럼, 다음 내 차례 땐 굴비 좀 구워야겠다.",일화,(웃으며) 우리 홀애비 호강 하겠네요. 굴비도 다 묵어보고.
276,일화,(웃으며) 우리 홀애비 호강 하겠네요. 굴비도 다 묵어보고.,미란,"아.. 근데.. 택이 아빠 간병인, 아직 안 들였지."
277,미란,"아.. 근데.. 택이 아빠 간병인, 아직 안 들였지.",일화,에이고.. 아마 안 쓸 깁니더..
278,일화,에이고.. 아마 안 쓸 깁니더..,미란,(이그..)
279,미란,(이그..),일화,"아이고, 마 그, 많은 돈 놔뒀다가 다 얻다 쓸라 카는지.."
280,일화,"아이고, 마 그, 많은 돈 놔뒀다가 다 얻다 쓸라 카는지..",미란,"늘 혼자 지내던 양반이라 그렇지, 뭐.. 택이도 왔다갔다 할 거구."
281,미란,"늘 혼자 지내던 양반이라 그렇지, 뭐.. 택이도 왔다갔다 할 거구.",일화,(쑥스럽다는 듯 웃으며) 별 거 아닙니다.
282,일화,(쑥스럽다는 듯 웃으며) 별 거 아닙니다.,미란,(뭐 하나 주워 먹는) 이거 맛있겠다.
283,미란,(뭐 하나 주워 먹는) 이거 맛있겠다.,무성,(꼬인 줄을 보며) 아요.. 참.. (포기하고 앉는) 아오..
284,무성,(꼬인 줄을 보며) 아요.. 참.. (포기하고 앉는) 아오..,간호사,(들어오고) 최무성 씨? 혈압 좀 잴게요.
285,간호사,(들어오고) 최무성 씨? 혈압 좀 잴게요.,무성,아휴..
286,무성,아휴..,간호사,"아..!! 그 유명하신 분..!!! 근데, 엄청 바쁘시다던데..?"
287,간호사,"아..!! 그 유명하신 분..!!! 근데, 엄청 바쁘시다던데..?",주치의,"아버지는 정말, 운 좋은 케이스에요."
288,주치의,"아버지는 정말, 운 좋은 케이스에요.",택,(안도의 한숨 내쉬고)
289,택,(안도의 한숨 내쉬고),주치의,수술 경과도 좋으시고.
290,주치의,수술 경과도 좋으시고.,택,감사합니다.
291,택,감사합니다.,주치의,큰 고비 넘겼으니.. 걱정하지 마시고. 이제 관리만 잘 하시면 돼요.
292,주치의,큰 고비 넘겼으니.. 걱정하지 마시고. 이제 관리만 잘 하시면 돼요.,택,"예. 고맙습니다, 선생님. (고개 숙여 인사하면)"
293,택,"예. 고맙습니다, 선생님. (고개 숙여 인사하면)",주치의,저기 그리고..
294,주치의,저기 그리고..,택,?
295,택,?,주치의,(공손히 백지와 볼펜 내밀고) 사인 한 장.. 부탁드립니다..!!!
296,주치의,(공손히 백지와 볼펜 내밀고) 사인 한 장.. 부탁드립니다..!!!,택,아. 예..!!
297,택,아. 예..!!,무성,.. 아빠 괜찮아. 아무렇지도 않어.
298,무성,.. 아빠 괜찮아. 아무렇지도 않어.,택,(눈물 그렁한) 아빠 돌아가실 뻔 했대요.
299,택,(눈물 그렁한) 아빠 돌아가실 뻔 했대요.,무성,(허허 웃으면)
300,무성,(허허 웃으면),택,저 고아 될 뻔 했어요..
301,택,저 고아 될 뻔 했어요..,무성,"아빠, 니 냅두고.. 그렇게 쉽게 저 세상 안 가. 인마."
302,무성,"아빠, 니 냅두고.. 그렇게 쉽게 저 세상 안 가. 인마.",택,"(단호하게) 간병인 쓰세요, 아빠..!?"
303,택,"(단호하게) 간병인 쓰세요, 아빠..!?",무성,어휴.. 팔 다리 멀쩡한데. 뭐 하러. 됐어.
304,무성,어휴.. 팔 다리 멀쩡한데. 뭐 하러. 됐어.,택,저 이번 주에 중국 가요.. 저도 옆에 없는데 혼자 어떻게 하시려구.
305,택,저 이번 주에 중국 가요.. 저도 옆에 없는데 혼자 어떻게 하시려구.,무성,아휴..
306,무성,아휴..,택,..
307,택,..,무성,"나 괜찮으니까, 니 일이나 신경 써. 응?"
308,무성,"나 괜찮으니까, 니 일이나 신경 써. 응?",택,?
309,택,?,무성,"그, 기원에 이 부장님두 이번엔 못 들어가신다며."
310,무성,"그, 기원에 이 부장님두 이번엔 못 들어가신다며.",택,괜찮아요. 대리님 한 분 같이 가세요. 혼자 가도 상관 없구요.
311,택,괜찮아요. 대리님 한 분 같이 가세요. 혼자 가도 상관 없구요.,무성,그래두 누가 옆에서 챙겨줘야 되는데.
312,무성,그래두 누가 옆에서 챙겨줘야 되는데.,택,(이불 덮어주며) 아빠 걱정이나 하세요.
313,택,(이불 덮어주며) 아빠 걱정이나 하세요.,간호사,(들어와서) 보호자 분? 병원비 중간정산 좀 부탁드려요.
314,간호사,(들어와서) 보호자 분? 병원비 중간정산 좀 부탁드려요.,택,예.
315,택,예.,무성,"을 보는 택과, 택을 보는 무성."
316,무성,"을 보는 택과, 택을 보는 무성.",택, 나가면.. 한숨 쉬는 무성인데..
317,택, 나가면.. 한숨 쉬는 무성인데..,무성,예.
318,무성,예.,동일,"(반갑게 문 열고) 어이, 봉황당!! 나 왔네!! 생명의 은인.., (하는데)"
319,동일,"(반갑게 문 열고) 어이, 봉황당!! 나 왔네!! 생명의 은인.., (하는데)",일화,(그를 밀치며) 퍼뜩 들어가라..!!
320,일화,(그를 밀치며) 퍼뜩 들어가라..!!,무성,(일어나고) 아휴..!! 오셨습니까..!?
321,무성,(일어나고) 아휴..!! 오셨습니까..!?,동일,"저기, 그나저나, 몸은 좀 괜찮은가?"
322,동일,"저기, 그나저나, 몸은 좀 괜찮은가?",무성,"아휴, 많이 좋아졌습니다."
323,무성,"아휴, 많이 좋아졌습니다.",동일,(다행이라는 듯) 응..
324,동일,(다행이라는 듯) 응..,일화,(보자기 풀며) 미라이 성님이 흰죽 해가 주데요.
325,일화,(보자기 풀며) 미라이 성님이 흰죽 해가 주데요.,무성,"아휴, 고맙습니다."
326,무성,"아휴, 고맙습니다.",동일,"아 참, 봉황당. 그라고 안있는가.."
327,동일,"아 참, 봉황당. 그라고 안있는가..",무성,(아하..!!) .. 하나 있습니다.
328,무성,(아하..!!) .. 하나 있습니다.,동일,?
329,동일,?,무성,"저.. 생명의 은인이신 김에, 부탁 하나만 더 하려구요."
330,무성,"저.. 생명의 은인이신 김에, 부탁 하나만 더 하려구요.",동일,?
331,동일,?,노을,(찡그리며 보다가) 근데 왜 작은누나가 가?
332,노을,(찡그리며 보다가) 근데 왜 작은누나가 가?,정환,이 형도 있고 선우 형도 있는데?
333,정환,이 형도 있고 선우 형도 있는데?,동일,...
334,동일,...,동일,(당최 이해가 안 간다는 듯) 떡선이? 우리 개딸 2호? 989등?!
335,동일,(당최 이해가 안 간다는 듯) 떡선이? 우리 개딸 2호? 989등?!,무성,"이번에 택이가 중국으로 가는데,"
336,무성,"이번에 택이가 중국으로 가는데,",덕선,"이가 같이 가면 안 될까 해서요. 해외로 대국 나가게 되면은,"
337,덕선,"이가 같이 가면 안 될까 해서요. 해외로 대국 나가게 되면은,",택,이가 옆에서 누가 챙겨주질 않으면은 방에서 시체가 됩니다.
338,택,이가 옆에서 누가 챙겨주질 않으면은 방에서 시체가 됩니다.,동일,(고민스럽고)
339,동일,(고민스럽고),일화,"옴마야.. 아이고, 택이 아부지 제정신이 아닌갑다.."
340,일화,"옴마야.. 아이고, 택이 아부지 제정신이 아닌갑다..",무성,"덕선이 잘 할 겁니다. 택이도 뭐, 남들보다는 덕선이가 편할 거구요."
341,무성,"덕선이 잘 할 겁니다. 택이도 뭐, 남들보다는 덕선이가 편할 거구요.",동일,"아, 왜 있자네. 그 정환이랑 선우. 걔들도 있자네."
342,동일,"아, 왜 있자네. 그 정환이랑 선우. 걔들도 있자네.",무성,"걔들은.. 이제 고3 올라가니까 뭐, 공부도 좀 해야.., (아차차..!!)"
343,무성,"걔들은.. 이제 고3 올라가니까 뭐, 공부도 좀 해야.., (아차차..!!)",무성,"(죄송함에 웃으며) 아이, 아닙니다. 그.., 그게 아니라, 제 말은, 그..,"
344,무성,"(죄송함에 웃으며) 아이, 아닙니다. 그.., 그게 아니라, 제 말은, 그..,",동일,"아니아니아니, 알았어, 알았어. 자네 말이 맞어, 맞어."
345,동일,"아니아니아니, 알았어, 알았어. 자네 말이 맞어, 맞어.",무성,".. 아닙니다. 남자 애들은, 여권 나오는데 한참 걸리나 봐요."
346,무성,".. 아닙니다. 남자 애들은, 여권 나오는데 한참 걸리나 봐요.",무성,"(죄송한) 아휴.. 뭐, 힘드시면.. 안 보내셔두 됩니다."
347,무성,"(죄송한) 아휴.. 뭐, 힘드시면.. 안 보내셔두 됩니다.",일화,"아이고.. 아, 그게 아이고.. 택이가 불쌍해가 그랍니다..!!"
348,일화,"아이고.. 아, 그게 아이고.. 택이가 불쌍해가 그랍니다..!!",무성,아닙니다..!! 택이가.. 덕선이 좋아합니다. 둘이 아마 잘 지낼 겁니다.
349,무성,아닙니다..!! 택이가.. 덕선이 좋아합니다. 둘이 아마 잘 지낼 겁니다.,노을,(한숨 내쉬고) 택이 형 전패 해야겠다.. 누가 누굴 챙겨..!!
350,노을,(한숨 내쉬고) 택이 형 전패 해야겠다.. 누가 누굴 챙겨..!!,일화,덕선아. 니 그 가방 어디서 났노.
351,일화,덕선아. 니 그 가방 어디서 났노.,덕선,택이 방에서.
352,덕선,택이 방에서.,노을,카메라는.
353,노을,카메라는.,덕선,택이 거.
354,덕선,택이 거.,노을,도둑년.. 도둑년..
355,노을,도둑년.. 도둑년..,덕선,괜찮아. 걔 어차피 몰라. 바보야. (여권 보며 기분 좋아 흥얼거리는)
356,덕선,괜찮아. 걔 어차피 몰라. 바보야. (여권 보며 기분 좋아 흥얼거리는),동일,"(노을의 뺨을 톡! 때리고) 누나한테 도둑년이 뭐야, 이 새끼야..!!"
357,동일,"(노을의 뺨을 톡! 때리고) 누나한테 도둑년이 뭐야, 이 새끼야..!!",노을,...
358,노을,...,덕선,(쑥스러운) 아..!!
359,덕선,(쑥스러운) 아..!!,덕선,네. 동네 친구요. 불알친구.
360,덕선,네. 동네 친구요. 불알친구.,덕선,에..? 뭔 소리에요.. 쟤 그냥 친구에요.
361,덕선,에..? 뭔 소리에요.. 쟤 그냥 친구에요.,유람,이 분들은 기자 분들이야.
362,유람,이 분들은 기자 분들이야.,덕선,아.. (엄지 척!) 크.. 역시 카메라!! (배시시 웃으면)
363,덕선,아.. (엄지 척!) 크.. 역시 카메라!! (배시시 웃으면),유람,아.. (고개 숙여 인사하고)
364,유람,아.. (고개 숙여 인사하고),덕선,과 신입 기자(기자 2)도 덩달아 고개 숙여 인사한다.
365,덕선,과 신입 기자(기자 2)도 덩달아 고개 숙여 인사한다.,유람,전에 일본 한 두어 번 갔어요.
366,유람,전에 일본 한 두어 번 갔어요.,유람,"우리는, (기자들에게) 한 방 같이 쓰면 되고."
367,유람,"우리는, (기자들에게) 한 방 같이 쓰면 되고.",덕선,?
368,덕선,?,유람,"전에 방에서 한 번 쓰러진 적이 있어서, 혹시 모르니까 갖고 있어."
369,유람,"전에 방에서 한 번 쓰러진 적이 있어서, 혹시 모르니까 갖고 있어.",덕선,(쓰러져..?) 아.. 네..
370,덕선,(쓰러져..?) 아.. 네..,덕선,"(택이 자신의 옆에 오면, 열쇠 건네고) 이거 니 방 열쇠. 405호."
371,덕선,"(택이 자신의 옆에 오면, 열쇠 건네고) 이거 니 방 열쇠. 405호.",택,(받고) 응.
372,택,(받고) 응.,유람,저녁식사는 여기 호텔 중식당에서 하기로 했어요.
373,유람,저녁식사는 여기 호텔 중식당에서 하기로 했어요.,택,"(끄덕이고, 덕선에게) 나 먼저 올라갈게. (스탭들에게) 먼저 갈게요."
374,택,"(끄덕이고, 덕선에게) 나 먼저 올라갈게. (스탭들에게) 먼저 갈게요.",덕선,(택 가면) 내가 5시 55분까지 데리러 갈게.
375,덕선,(택 가면) 내가 5시 55분까지 데리러 갈게.,덕선,..?
376,덕선,..?,유람,안 오실 거야.. 시합 전에는 안 먹어.
377,유람,안 오실 거야.. 시합 전에는 안 먹어.,덕선,(아휴.. 우리 희동이..)
378,덕선,(아휴.. 우리 희동이..),유람,소화도 안 되고. 입맛도 안 맞고. 시합 전엔 예민하니까..!!
379,유람,소화도 안 되고. 입맛도 안 맞고. 시합 전엔 예민하니까..!!,덕선,"아저씨, 근데요.. 혹시.."
380,덕선,"아저씨, 근데요.. 혹시..",유람,(억지 미소) 응.
381,유람,(억지 미소) 응.,덕선,맛있겠다..!!
382,덕선,맛있겠다..!!,유람,(억지 미소+열심히 끄덕이는) 응.. 그래..
383,유람,(억지 미소+열심히 끄덕이는) 응.. 그래..,덕선,우와..!! 웬열..!! 이거 다 먹어도 되는 거예요?!
384,덕선,우와..!! 웬열..!! 이거 다 먹어도 되는 거예요?!,유람,응. 얼른 앉어!!
385,유람,응. 얼른 앉어!!,덕선,(달려가 앉으며) 네!!
386,덕선,(달려가 앉으며) 네!!,덕선,"과 유람, 기자들까지 넷이 모였다."
387,덕선,"과 유람, 기자들까지 넷이 모였다.",유람,최 사범님은.
388,유람,최 사범님은.,덕선,(소매 걷고 머리카락까지 뒤로 넘긴) 이따가 먹는데요.
389,덕선,(소매 걷고 머리카락까지 뒤로 넘긴) 이따가 먹는데요.,유람,(한숨 쉬고) 내 그럴 줄 알았다.
390,유람,(한숨 쉬고) 내 그럴 줄 알았다.,덕선,(생선 꼬리 부분을 잘라 앞접시에 옮기며) 이 집.. 유명한 데에요?
391,덕선,(생선 꼬리 부분을 잘라 앞접시에 옮기며) 이 집.. 유명한 데에요?,유람,"이 호텔 요리 잘 해. 여기가 바닷가라서, 생선 요리도 잘 하구."
392,유람,"이 호텔 요리 잘 해. 여기가 바닷가라서, 생선 요리도 잘 하구.",덕선,(말 그대로 열심히 먹으며) 응.. 또 어디가 맛있어요?!
393,덕선,(말 그대로 열심히 먹으며) 응.. 또 어디가 맛있어요?!,유람,"아.. 거기 길 건너, 초밥집!?"
394,유람,"아.. 거기 길 건너, 초밥집!?",유람,"유명하긴 한데, 거긴 못 가."
395,유람,"유명하긴 한데, 거긴 못 가.",덕선,왜요?!
396,덕선,왜요?!,유람,"사람이 너무 많아서, 최소 1시간은 줄 서야 돼."
397,유람,"사람이 너무 많아서, 최소 1시간은 줄 서야 돼.",유람,(^^;;) 잘 먹네..!! 응..!! 잘 먹어..!!
398,유람,(^^;;) 잘 먹네..!! 응..!! 잘 먹어..!!,덕선,없어서 못 먹죠. (잘 뜯기지도 않은 오리 대가리 잘근잘근 깨무는..)
399,덕선,없어서 못 먹죠. (잘 뜯기지도 않은 오리 대가리 잘근잘근 깨무는..),태수,(F) 누나. 그렇게 큰돈이 어데 있노..!?
400,태수,(F) 누나. 그렇게 큰돈이 어데 있노..!?,태수,"(F, 분통) 아, 진짜 너무한다, 너무해..!! 그기 사람이야!?"
401,태수,"(F, 분통) 아, 진짜 너무한다, 너무해..!! 그기 사람이야!?",선영,"(피식) 됐다, 고마. 그란다고 뭐 해결 될 일이가."
402,선영,"(피식) 됐다, 고마. 그란다고 뭐 해결 될 일이가.",태수,"(F) 아, 지금 내 걱정 할 때야? 1,000만원을 어데서 구하지..!?"
403,태수,"(F) 아, 지금 내 걱정 할 때야? 1,000만원을 어데서 구하지..!?",선영,.. 누나야가 다 알아서 할게.
404,선영,.. 누나야가 다 알아서 할게.,태수,(F) 알았다..!!
405,태수,(F) 알았다..!!,선영,누나 끊는다. (끊으면)
406,선영,누나 끊는다. (끊으면),미란,선우야. 갈비 했어.
407,미란,선우야. 갈비 했어.,선영,하모요.
408,선영,하모요.,미란,"(피식 웃고) 그래도 우리 봉황당, 간병인 없이도 잘 버티네?"
409,미란,"(피식 웃고) 그래도 우리 봉황당, 간병인 없이도 잘 버티네?",선영,이 들어온다.
410,선영,이 들어온다.,동일,(좋아라..) 웬 갈비대?
411,동일,(좋아라..) 웬 갈비대?,일화,방방 떠가 댕기는 거 아이가!?
412,일화,방방 떠가 댕기는 거 아이가!?,동일,"하기사 내가 뭐, 야무지게 단도리 쳐놨응께 뭐,"
413,동일,"하기사 내가 뭐, 야무지게 단도리 쳐놨응께 뭐,",덕선,"을 무시하는 듯한 코웃음을 친 뒤, 맛있게 밥 먹는 노을."
414,덕선,"을 무시하는 듯한 코웃음을 친 뒤, 맛있게 밥 먹는 노을.",덕선,화장실!!
415,덕선,화장실!!,유람,"텃새라면, 텃새죠."
416,유람,"텃새라면, 텃새죠.",유람,"(끄덕이고) 뭐, 자주 있는 일입니다."
417,유람,"(끄덕이고) 뭐, 자주 있는 일입니다.",유람,"(덕선 옆에 앉고) 아직, 30분 남았네?"
418,유람,"(덕선 옆에 앉고) 아직, 30분 남았네?",덕선,"그럼, 그 때까지 여기서 대기하는 거예요?"
419,덕선,"그럼, 그 때까지 여기서 대기하는 거예요?",유람,"응. 대국 전까지, 저 안에서 절대 안 나와."
420,유람,"응. 대국 전까지, 저 안에서 절대 안 나와.",덕선,네!!
421,덕선,네!!,택,"(의자에 앉아있는) 죄송한데, (기자 2를 보고) 나가주시겠어요..?!"
422,택,"(의자에 앉아있는) 죄송한데, (기자 2를 보고) 나가주시겠어요..?!",유람,(놀라서 다가오며) 지금 뭐 하는 거야. 제정신이야?!
423,유람,(놀라서 다가오며) 지금 뭐 하는 거야. 제정신이야?!,유람,[아..!! 감사합니다.]
424,유람,[아..!! 감사합니다.],택," 나오면, 대국장 가는 그를 따라가며 플래시 터트리는 기자들."
425,택," 나오면, 대국장 가는 그를 따라가며 플래시 터트리는 기자들.",선영,(받고) 여보세요.
426,선영,(받고) 여보세요.,덕선,을 제외한 모든 사람들이 대국장으로 들어간다.
427,덕선,을 제외한 모든 사람들이 대국장으로 들어간다.,덕선,(기자 1 나오면) 아저씨!! 택이 어떻게 됐어요?!
428,덕선,(기자 1 나오면) 아저씨!! 택이 어떻게 됐어요?!,덕선,(띠용..)
429,덕선,(띠용..),덕선,(웃으며) 아..!! 그럼 이제 다 끝난 거예요?
430,덕선,(웃으며) 아..!! 그럼 이제 다 끝난 거예요?,덕선,아...
431,덕선,아...,덕선,택아. (키 내밀며) 내려. 여기야.
432,덕선,택아. (키 내밀며) 내려. 여기야.,택,(받고) 어.
433,택,(받고) 어.,덕선,오늘 저녁은 한식이래. 내가 이따 데리러 갈게!!
434,덕선,오늘 저녁은 한식이래. 내가 이따 데리러 갈게!!,택,난 안 먹을래. 내일 나 7시에 깨워만 줘. (가면)
435,택,난 안 먹을래. 내일 나 7시에 깨워만 줘. (가면),덕선,.. 어..
436,덕선,.. 어..,유람,안 오실 거야.
437,유람,안 오실 거야.,덕선,아.. 어떡하지..?
438,덕선,아.. 어떡하지..?,유람,어떡하긴..
439,유람,어떡하긴..,덕선,어떡하죠?
440,덕선,어떡하죠?,유람,?
441,유람,?,덕선,"저 많이 먹을 것 같애요, 아저씨..!! 배가 너무 고파요..!!"
442,덕선,"저 많이 먹을 것 같애요, 아저씨..!! 배가 너무 고파요..!!",유람,(^^;;)
443,유람,(^^;;),동일,보라야.. 얘 집 들어왔제..!?
444,동일,보라야.. 얘 집 들어왔제..!?,일화,아까 들어와 잔다.
445,일화,아까 들어와 잔다.,동일,(안도의 한숨)
446,동일,(안도의 한숨),동일,이놈의 가시내 한 번만 데모 저렇게 했다간 아주 그냥
447,동일,이놈의 가시내 한 번만 데모 저렇게 했다간 아주 그냥,일화,응.. 유명한 절이다. 메이카. 메이카.
448,일화,응.. 유명한 절이다. 메이카. 메이카.,동일,"하여튼 무식한 여편네. 아, 절이면 다 똑같은 절이제."
449,동일,"하여튼 무식한 여편네. 아, 절이면 다 똑같은 절이제.",일화,요새 맨날 테레비에 나오는 절 한 개 있다 아이가.
450,일화,요새 맨날 테레비에 나오는 절 한 개 있다 아이가.,유람,(소파에 앉고) 아침은 드셨을라나..? 여기 조식 괜찮던데..!!
451,유람,(소파에 앉고) 아침은 드셨을라나..? 여기 조식 괜찮던데..!!,덕선,(마냥 해맑은) 저는 다섯 번!! 다섯 그릇 먹었어요!!
452,덕선,(마냥 해맑은) 저는 다섯 번!! 다섯 그릇 먹었어요!!,유람,(영혼 無) 어.. 잘했어.
453,유람,(영혼 無) 어.. 잘했어.,덕선,"(해맑게, 배시시 웃고)"
454,덕선,"(해맑게, 배시시 웃고)",유람,어?! 저기 내려오시네.
455,유람,어?! 저기 내려오시네.,유람,"(일어나며) 아, 예."
456,유람,"(일어나며) 아, 예.",덕선,"(일어나며) 네, 제가 데리고 나올게요..!!"
457,덕선,"(일어나며) 네, 제가 데리고 나올게요..!!",덕선,"(해맑게 들어오는) 택아!! (순간, 굳어지는 표정..)"
458,덕선,"(해맑게 들어오는) 택아!! (순간, 굳어지는 표정..)",덕선,(살짝 당황한 듯) 지금.. 들어.. 오래..!!
459,덕선,(살짝 당황한 듯) 지금.. 들어.. 오래..!!,택,이도 살짝 당황한 듯 보인다.
460,택,이도 살짝 당황한 듯 보인다.,택,어.
461,택,어.,택," 나오면, 어김없이 그를 따라가며 플래시 터트리는 외신 기자들."
462,택," 나오면, 어김없이 그를 따라가며 플래시 터트리는 외신 기자들.",택,"이가, 담배를 피우다니..!! 조금 복잡한 심정으로 그를 보는 덕선."
463,택,"이가, 담배를 피우다니..!! 조금 복잡한 심정으로 그를 보는 덕선.",선우,"가 방에서 나오자, 수화기 내려놓는다."
464,선우,"가 방에서 나오자, 수화기 내려놓는다.",선영,어디 나가나?
465,선영,어디 나가나?,선우,어. 정환이네.
466,선우,어. 정환이네.,선영,어.
467,선영,어.,선우,(보고) 어. 알았어.
468,선우,(보고) 어. 알았어.,선영,"식탁 위에 있다, 저."
469,선영,"식탁 위에 있다, 저.",선우,(움직이며) 어.
470,선우,(움직이며) 어.,선우,어. 야! (손에 들린 것들 주며) 이거.
471,선우,어. 야! (손에 들린 것들 주며) 이거.,정환,(거실 바닥 구석에 놓으며) 엄마!! 여기 둔다!!
472,정환,(거실 바닥 구석에 놓으며) 엄마!! 여기 둔다!!,미란,(OFF) 어!!
473,미란,(OFF) 어!!,정환,"(급하게 나가며) 가자, 가자."
474,정환,"(급하게 나가며) 가자, 가자.",선우,어딜!?
475,선우,어딜!?,정환,"(눈치 보며 소곤소곤) 도롱뇽이 도봉동까지 가서, 파리 애마 빌렸어."
476,정환,"(눈치 보며 소곤소곤) 도롱뇽이 도봉동까지 가서, 파리 애마 빌렸어.",택,"이 방에서 기다리자. (선우 끌고 가며) 가자, 가자."
477,택,"이 방에서 기다리자. (선우 끌고 가며) 가자, 가자.",선우,"(끌려 나오며) 알았어, 알았어..!! 아, 잠깐, 잠깐, 잠깐, 잠깐..!!"
478,선우,"(끌려 나오며) 알았어, 알았어..!! 아, 잠깐, 잠깐, 잠깐, 잠깐..!!",정환,왜..!?
479,정환,왜..!?,선우,"아, 나.. 노을이 좀 보고 갈게. 잠깐만."
480,선우,"아, 나.. 노을이 좀 보고 갈게. 잠깐만.",정환,너 노을이 데리고 오기만 해봐? 걔 입 완전 싸..!!
481,정환,너 노을이 데리고 오기만 해봐? 걔 입 완전 싸..!!,선우,"아, 알았어..!! 먼저 가 있어..!!"
482,선우,"아, 알았어..!! 먼저 가 있어..!!",정환,빨리 와.
483,정환,빨리 와.,선우,어.
484,선우,어.,정환," 나가면, 덕선네로 내려가는 선우."
485,정환," 나가면, 덕선네로 내려가는 선우.",선우,(들어오고) 누나.. 보라 누나..!!
486,선우,(들어오고) 누나.. 보라 누나..!!,노을,"(OFF) 누나, 없어. 형."
487,노을,"(OFF) 누나, 없어. 형.",선우,(보고)
488,선우,(보고),노을,보라 누나 왜?
489,노을,보라 누나 왜?,선우,어..?
490,선우,어..?,노을,아..
491,노을,아..,선우,"근데, 누나 어디 갔어?"
492,선우,"근데, 누나 어디 갔어?",노을,(방의 눈치 살피고) 운동하러요.
493,노을,(방의 눈치 살피고) 운동하러요.,선우,?
494,선우,?,선우,아..
495,선우,아..,노을,"그럼요. 우리 누나, 완전 잘 도망 다녀요."
496,노을,"그럼요. 우리 누나, 완전 잘 도망 다녀요.",선영,예. 제일 복덕방이죠..!?
497,선영,예. 제일 복덕방이죠..!?,일화,(찬합 들고 들어오고) 선우야.
498,일화,(찬합 들고 들어오고) 선우야.,선영,어.
499,선영,어.,일화,오늘도 니가 가야겄다. (마루에 앉으며) 미란 성님.. 발목 삤다.
500,일화,오늘도 니가 가야겄다. (마루에 앉으며) 미란 성님.. 발목 삤다.,선영,(걱정스레) 많이 삤나!?
501,선영,(걱정스레) 많이 삤나!?,일화,계단에서 삐끗했단다.
502,일화,계단에서 삐끗했단다.,선우,캉 진주도 우리가 알아서 저녁 챙겨 믹이께.
503,선우,캉 진주도 우리가 알아서 저녁 챙겨 믹이께.,선영,"예, 알았어요. 막내가 배달해야지."
504,선영,"예, 알았어요. 막내가 배달해야지.",일화,"엄마야, 그라고 보니께 택이 아빠 머리 감을 때 됐다, 야."
505,일화,"엄마야, 그라고 보니께 택이 아빠 머리 감을 때 됐다, 야.",선영,(끄덕이고)
506,선영,(끄덕이고),일화,수술하고 한 번도 안 감았제..!? 아이고.. 떡 엄청시리 짔겠는데..!?
507,일화,수술하고 한 번도 안 감았제..!? 아이고.. 떡 엄청시리 짔겠는데..!?,선영,"(실실 웃으며) 뭘 해도 거가 저.., 약간 떡진 스타일 아이가. (웃고)"
508,선영,"(실실 웃으며) 뭘 해도 거가 저.., 약간 떡진 스타일 아이가. (웃고)",선영,이 들어온다.
509,선영,이 들어온다.,무성,(?) 휠체어는 왜?
510,무성,(?) 휠체어는 왜?,선영,"(무성 식사 시작하면, 먹다가) 맞다."
511,선영,"(무성 식사 시작하면, 먹다가) 맞다.",무성,.. 아직 연락이 없어서.
512,무성,.. 아직 연락이 없어서.,선영,응..
513,선영,응..,덕선,감사합니다..!!
514,덕선,감사합니다..!!,유람,(옆에 앉고) 기록 깨겠다. 기록 깨겠어.
515,유람,(옆에 앉고) 기록 깨겠다. 기록 깨겠어.,덕선,(지친) 아저씨.
516,덕선,(지친) 아저씨.,유람,10시간 지난 줄도 모를 걸?
517,유람,10시간 지난 줄도 모를 걸?,덕선,(허!) 웬열.
518,덕선,(허!) 웬열.,덕선,(지나가는 기자 1을 붙잡고) 아저씨. 택이 졌어요?!
519,덕선,(지나가는 기자 1을 붙잡고) 아저씨. 택이 졌어요?!,덕선,에? 근데 쟤 표정이 왜 저래요? 사람 헷갈리게.
520,덕선,에? 근데 쟤 표정이 왜 저래요? 사람 헷갈리게.,덕선,에?!
521,덕선,에?!,덕선,(??) 뭐야..? 좋으면 그냥 좋은 거지.
522,덕선,(??) 뭐야..? 좋으면 그냥 좋은 거지.,전경, 1몇 명 남았지? 5명?
523,전경, 1몇 명 남았지? 5명?,전경, 1(굉장히 불량스러운 말투로) 야. 내려.
524,전경, 1(굉장히 불량스러운 말투로) 야. 내려.,전경, 1경찰서까지 갈까?
525,전경, 1경찰서까지 갈까?,전경, 1(보라에게) 야. 다음 너.
526,전경, 1(보라에게) 야. 다음 너.,보라,(안경 벗고) 얻다 대고 반말이야..!? 나 알아요?!!
527,보라,(안경 벗고) 얻다 대고 반말이야..!? 나 알아요?!!,무성,"(일어나 앉고) 같이 나가지, 뭐. 운동도 좀 하고."
528,무성,"(일어나 앉고) 같이 나가지, 뭐. 운동도 좀 하고.",선영,가는 거 아인데!?
529,선영,가는 거 아인데!?,무성,태용이가..!?
530,무성,태용이가..!?,태용,그래.. 내다.
531,태용,그래.. 내다.,무성,(일어나며) 뭐 하러 왔노. 내 괘않은데.
532,무성,(일어나며) 뭐 하러 왔노. 내 괘않은데.,태용,"괘않긴, 인마."
533,태용,"괘않긴, 인마.",무성,그걸 아는 놈이 인자 왔나.
534,무성,그걸 아는 놈이 인자 왔나.,태용,"(허!) 지방 공장 갔다가, 인자 올라왔다 이 새끼야. (앉고)"
535,태용,"(허!) 지방 공장 갔다가, 인자 올라왔다 이 새끼야. (앉고)",무성,(보면)
536,무성,(보면),태용,무성아. 제발 좀 건강 좀 챙기고 살아라. 어이?
537,태용,무성아. 제발 좀 건강 좀 챙기고 살아라. 어이?,택,이한테만 밑지가 살지 말고 니도 니 인생 좀 살아라.
538,택,이한테만 밑지가 살지 말고 니도 니 인생 좀 살아라.,무성,...
539,무성,...,태용,"한 번 밖에 없는 인생, 금방 지나간데이.."
540,태용,"한 번 밖에 없는 인생, 금방 지나간데이..",무성,"그래. 내 죽을 때 관에, 차곡차곡 넣어갈 기다."
541,무성,"그래. 내 죽을 때 관에, 차곡차곡 넣어갈 기다.",태용,(그제야 웃고) 시끼..
542,태용,(그제야 웃고) 시끼..,무성,알았다.. 인자 잔소리 끝.
543,무성,알았다.. 인자 잔소리 끝.,태용,(피식) 참.. 그라고. 무성아.
544,태용,(피식) 참.. 그라고. 무성아.,무성,오야.
545,무성,오야.,태용,니.. 아직 그 얘기 못 들었제..!?
546,태용,니.. 아직 그 얘기 못 들었제..!?,무성,뭔 얘기.
547,무성,뭔 얘기.,태용,얘기를 안 했네. 보니까.
548,태용,얘기를 안 했네. 보니까.,무성,무슨 얘기. 누구 얘기고.
549,무성,무슨 얘기. 누구 얘기고.,보라,와 찍은 사진을 조그만 액자에 넣어둔 종훈.
550,보라,와 찍은 사진을 조그만 액자에 넣어둔 종훈.,덕선,네 전화기 울린다.
551,덕선,네 전화기 울린다.,덕선,네 벨소리 이어지며.. 불 켜진 정환네에 복닥대는 소리 들린다.
552,덕선,네 벨소리 이어지며.. 불 켜진 정환네에 복닥대는 소리 들린다.,일화,"와 노을, 정환, 동룡 등등 정환네에 모여 밥을 먹고 있다..!!"
553,일화,"와 노을, 정환, 동룡 등등 정환네에 모여 밥을 먹고 있다..!!",보라,"(신경질적으로 수화기 내려놓고) 아, 진짜. 다들 어디 간 거야..!!!!!"
554,보라,"(신경질적으로 수화기 내려놓고) 아, 진짜. 다들 어디 간 거야..!!!!!",보라,"받지 마라, 받지 마라..!!"
555,보라,"받지 마라, 받지 마라..!!",선우,(F) 여보세요?
556,선우,(F) 여보세요?,보라,(앗..!! 수화기 귀에 갖다 대고) ...
557,보라,(앗..!! 수화기 귀에 갖다 대고) ...,선우,여보세요?!
558,선우,여보세요?!,보라,(소프트한 어투로) 아.. 어.. 난데..!!
559,보라,(소프트한 어투로) 아.. 어.. 난데..!!,유람,"우리 요 앞에서 가볍게 축하파티 하려고 하는데, 같이 가시죠."
560,유람,"우리 요 앞에서 가볍게 축하파티 하려고 하는데, 같이 가시죠.",택,전 피곤해서. 친구랑 방에서 좀 쉴게요.
561,택,전 피곤해서. 친구랑 방에서 좀 쉴게요.,유람,(미소로 끄덕이고)
562,유람,(미소로 끄덕이고),택,(이해가 안 간다는 표정) 저 이번에 엄청 잘 먹었는데..?
563,택,(이해가 안 간다는 표정) 저 이번에 엄청 잘 먹었는데..?,택,"잠도 잘 자구, 방도 따뜻하구. 이번에 컨디션 진짜 좋았는데."
564,택,"잠도 잘 자구, 방도 따뜻하구. 이번에 컨디션 진짜 좋았는데.",유람,예?
565,유람,예?,택,(보면)
566,택,(보면),유람,"식사 하.., 하셨다고요?"
567,유람,"식사 하.., 하셨다고요?",택,(미소로) 예. 대리님이 사다주신 거 아니에요?
568,택,(미소로) 예. 대리님이 사다주신 거 아니에요?,유람,제가요?
569,유람,제가요?,택,..?
570,택,..?,덕선,"(간단한 중국어로 직원과 대화하다, 택을 보고) 택아!!"
571,덕선,"(간단한 중국어로 직원과 대화하다, 택을 보고) 택아!!",택,을 위한 열정의 바디랭귀지를 한다.
572,택,을 위한 열정의 바디랭귀지를 한다.,덕선,화장실!!
573,덕선,화장실!!,보라,"(!!!) 아..!! 아, 성덕선..!!! (짜증스레 다시 눕는)"
574,보라,"(!!!) 아..!! 아, 성덕선..!!! (짜증스레 다시 눕는)",덕선,(계란 후라이 보여주며) 근데 이거 탔어요.
575,덕선,(계란 후라이 보여주며) 근데 이거 탔어요.,덕선,이거 탔어요. 색깔 봐봐.
576,덕선,이거 탔어요. 색깔 봐봐.,덕선,"아니야. 이.., 아니야. 이거 탔다니까?!"
577,덕선,"아니야. 이.., 아니야. 이거 탔다니까?!",덕선,"OK. OK. 그럼 이거, 하나만 더 해주세요. 하나만."
578,덕선,"OK. OK. 그럼 이거, 하나만 더 해주세요. 하나만.",덕선,이거 하나만 더 해주세요. 탔으니까.
579,덕선,이거 하나만 더 해주세요. 탔으니까.,유람,친구가 좋긴 좋네요? 아버님보다 더 나은데요? (웃는)
580,유람,친구가 좋긴 좋네요? 아버님보다 더 나은데요? (웃는),택,맞다. 저 잠깐 전화 좀 하고 올게요. (뛰어가는)
581,택,맞다. 저 잠깐 전화 좀 하고 올게요. (뛰어가는),무성,고생했다. 응.
582,무성,고생했다. 응.,선영,"이 붕어빵 사와 접시에 세팅하고, 음료를 따르고 있다."
583,선영,"이 붕어빵 사와 접시에 세팅하고, 음료를 따르고 있다.",선영,"(붕어빵 살펴보며) 여 뭐, 강남에.., 저.., 깍쟁이들만 살았는가."
584,선영,"(붕어빵 살펴보며) 여 뭐, 강남에.., 저.., 깍쟁이들만 살았는가.",선영,"... 왜 그리 쳐다보는데요. 내 얼굴에 뭐.., 묻었으요?"
585,선영,"... 왜 그리 쳐다보는데요. 내 얼굴에 뭐.., 묻었으요?",무성,... (대뜸) 선영아.
586,무성,... (대뜸) 선영아.,선영,(?)
587,선영,(?),무성,니.. 와 오빠한테 얘기 안 했노.
588,무성,니.. 와 오빠한테 얘기 안 했노.,선영,(칫..) 우리 오빠야가 얘기했제..
589,선영,(칫..) 우리 오빠야가 얘기했제..,무성,"가시나야. 맨날 얼굴 보고 사는데,"
590,무성,"가시나야. 맨날 얼굴 보고 사는데,",태용,(피식) 참.. 그라고. 무성아.
591,태용,(피식) 참.. 그라고. 무성아.,무성,오야.
592,무성,오야.,태용,니.. 아직 그 얘기 못 들었제..!?
593,태용,니.. 아직 그 얘기 못 들었제..!?,무성,뭔 얘기.
594,무성,뭔 얘기.,태용,얘기를 안 했네. 보니까.
595,태용,얘기를 안 했네. 보니까.,무성,무슨 얘기. 누구 얘기고.
596,무성,무슨 얘기. 누구 얘기고.,태용,내 동생. 선영이.
597,태용,내 동생. 선영이.,무성,가 와. (살짝 몸 일으키면)
598,무성,가 와. (살짝 몸 일으키면),태용,내가.. 니한테 말하라 캤는데..
599,태용,내가.. 니한테 말하라 캤는데..,선영,(한숨 내쉬고) 오빠야. 내.. 너무 쪽팔려서 그란다.
600,선영,(한숨 내쉬고) 오빠야. 내.. 너무 쪽팔려서 그란다.,무성,(속상한) 가시나..!!
601,무성,(속상한) 가시나..!!,선영,(고개 푹 숙였고) ..
602,선영,(고개 푹 숙였고) ..,무성,.. 선영아.
603,무성,.. 선영아.,선영,(보면)
604,선영,(보면),무성,"살다보모.. 남한테 신세도 지고, 폐도 끼치고.. 그랄 수 있다."
605,무성,"살다보모.. 남한테 신세도 지고, 폐도 끼치고.. 그랄 수 있다.",선영,"(찡그리고) 나는, 오빠야한테.. 잘 사는 기만, 비주고 싶어서 그런다."
606,선영,"(찡그리고) 나는, 오빠야한테.. 잘 사는 기만, 비주고 싶어서 그런다.",무성,문디 지랄..!!
607,무성,문디 지랄..!!,선우,. 진주. 니가 을마나 잘 키왔노..!? 그것만 해도 엄청난 기지..!!!
608,선우,. 진주. 니가 을마나 잘 키왔노..!? 그것만 해도 엄청난 기지..!!!,선영,...
609,선영,...,무성,선영이 니가 그 때.. 오빠 서울로 안 불렀으모..
610,무성,선영이 니가 그 때.. 오빠 서울로 안 불렀으모..,선영,...
611,선영,...,무성,고맙다. 오빠 불러줘서.
612,무성,고맙다. 오빠 불러줘서.,선영,별 게 다 고맙다.
613,선영,별 게 다 고맙다.,무성,(손 뻗어 받고) 여보세요.
614,무성,(손 뻗어 받고) 여보세요.,선영,"(F) 올라온나, 오빠야."
615,선영,"(F) 올라온나, 오빠야.",택,"이도 서울서 크는 게 훨씬 낫고. 고마 마, 우리 동네로 이사 온나."
616,택,"이도 서울서 크는 게 훨씬 낫고. 고마 마, 우리 동네로 이사 온나.",무성,(피식) 서울이 어디 사람 살 데가..!? 내는 그런 데에서 몬 산다.
617,무성,(피식) 서울이 어디 사람 살 데가..!? 내는 그런 데에서 몬 산다.,선영,(F) 오빠야.
618,선영,(F) 오빠야.,선영,(OFF) 니가 택이가.
619,선영,(OFF) 니가 택이가.,택,(보면)
620,택,(보면),선영,(택을 기웃거리며 보더니) 택이 맞제!?
621,선영,(택을 기웃거리며 보더니) 택이 맞제!?,택,(멍..)
622,택,(멍..),선영,가자. 아줌마 집에서 저녁 묵구로.
623,선영,가자. 아줌마 집에서 저녁 묵구로.,택,(멍..)
624,택,(멍..),선영,(손 내밀고) 퍼뜩. 가자.
625,선영,(손 내밀고) 퍼뜩. 가자.,택,.. (선영의 손을 잡는)
626,택,.. (선영의 손을 잡는),무성,"(E) 내는.. 살면서, 가장 잘한 기, 서울로 이사 온 기다."
627,무성,"(E) 내는.. 살면서, 가장 잘한 기, 서울로 이사 온 기다.",무성,"이번에 동네 사람들 아니었음, 오빠 벌써 죽었을 기다. 응?"
628,무성,"이번에 동네 사람들 아니었음, 오빠 벌써 죽었을 기다. 응?",선영,(끄덕이고)
629,선영,(끄덕이고),무성,니도.. 혼자서 다 할라고 하지 마라. 신세 좀 지면 어떻노.
630,무성,니도.. 혼자서 다 할라고 하지 마라. 신세 좀 지면 어떻노.,선영,...
631,선영,...,무성,...
632,무성,...,무성,"아나. 1,000만이다."
633,무성,"아나. 1,000만이다.",선영,(보고) .. (받지 않으면)
634,선영,(보고) .. (받지 않으면),무성,받아라. 팔 아프다.
635,무성,받아라. 팔 아프다.,선영,"아이다, 오빠야.. 내.. (울컥) 내 이거, 안 받을 기다."
636,선영,"아이다, 오빠야.. 내.. (울컥) 내 이거, 안 받을 기다.",무성,(신경질적으로) 가시나 지금까지 뭔 소릴 들었노!? 어? 퍼뜩 받아라.
637,무성,(신경질적으로) 가시나 지금까지 뭔 소릴 들었노!? 어? 퍼뜩 받아라.,선영,.. (고민스러운)
638,선영,.. (고민스러운),무성,(한숨 쉬고) 주는 기 아이고.. 빌리주는 기다. 응?
639,무성,(한숨 쉬고) 주는 기 아이고.. 빌리주는 기다. 응?,무성,"그라고 이거는, 고마 기냥 주는 기다."
640,무성,"그라고 이거는, 고마 기냥 주는 기다.",선영,(노려보듯 보면)
641,선영,(노려보듯 보면),무성,손목 고치라이..!! 좋은 말 할 때..!!!
642,무성,손목 고치라이..!! 좋은 말 할 때..!!!,선영,...
643,선영,...,무성,"(한숨 쉬고) 태용이 글마 걔는, 여 와가지고"
644,무성,"(한숨 쉬고) 태용이 글마 걔는, 여 와가지고",선영,...
645,선영,...,무성,"오빠 걱정 그만 시키고.. 인자 뭐, 남한테 신세질 때는 지고. 응?"
646,무성,"오빠 걱정 그만 시키고.. 인자 뭐, 남한테 신세질 때는 지고. 응?",선영,"(흐느끼지만, 울지 않으려고 입술 꽉 깨무는)"
647,선영,"(흐느끼지만, 울지 않으려고 입술 꽉 깨무는)",무성,붕어빵 묵으라. (하나 내밀고) 아나.
648,무성,붕어빵 묵으라. (하나 내밀고) 아나.,무성,(분위기 전환하려) 그..!! 근데 니..!!!
649,무성,(분위기 전환하려) 그..!! 근데 니..!!!,선영,묵으믄 다 묵을 수 있다.
650,선영,묵으믄 다 묵을 수 있다.,무성,"아이고.. (먹으며) 옛날부터, 손은 억수로 커가지고. 에이고.."
651,무성,"아이고.. (먹으며) 옛날부터, 손은 억수로 커가지고. 에이고..",선영,"다 묵을 기다, 왜. 싸갖고 가믄 되지."
652,선영,"다 묵을 기다, 왜. 싸갖고 가믄 되지.",무성,"강남 붕어빵은 뭐, 다르나..!?"
653,무성,"강남 붕어빵은 뭐, 다르나..!?",선영,(낄낄낄)
654,선영,(낄낄낄),무성,"우찌 다 먹노, 이거..!?"
655,무성,"우찌 다 먹노, 이거..!?",선영,(웃으며) 강남 붕어빵은 다른 줄 알았지. (낄낄낄)
656,선영,(웃으며) 강남 붕어빵은 다른 줄 알았지. (낄낄낄),덕선,사진?
657,덕선,사진?,덕선,어.
658,덕선,어.,덕선,"아, 택이랑?!"
659,덕선,"아, 택이랑?!",덕선,으이그!!
660,덕선,으이그!!,택,덕선아. 올라가자.
661,택,덕선아. 올라가자.,덕선,택아!! 장표가 너랑 사진 찍고 싶대!!
662,덕선,택아!! 장표가 너랑 사진 찍고 싶대!!,택,(끄덕이고) 그래.
663,택,(끄덕이고) 그래.,유람,이름이 장표? 둘이 친구 먹었네?!
664,유람,이름이 장표? 둘이 친구 먹었네?!,택,네! 저랑 싸우다가 친해졌어요!!
665,택,네! 저랑 싸우다가 친해졌어요!!,덕선,야. 좀 웃어..!!
666,덕선,야. 좀 웃어..!!,택,(무서워라..) 알았어..!! (미소 짓는)
667,택,(무서워라..) 알았어..!! (미소 짓는),덕선,이. 알. 싼!!!
668,덕선,이. 알. 싼!!!,덕선,(찡긋) [감사합니다!!]
669,덕선,(찡긋) [감사합니다!!],덕선,(긴장) 우리요?
670,덕선,(긴장) 우리요?,덕선,을 택의 옆으로 가도록 떠미는 기자 1.
671,덕선,을 택의 옆으로 가도록 떠미는 기자 1.,덕선,아.. 나 오늘 안 예쁜데..
672,덕선,아.. 나 오늘 안 예쁜데..,택,(미소로) 예뻐.
673,택,(미소로) 예뻐.,덕선,진짜?
674,덕선,진짜?,택,응. 옷도 예쁘구. (덕선을 보면)
675,택,응. 옷도 예쁘구. (덕선을 보면),덕선,"(택을 보고) 이 옷, 괜찮아?"
676,덕선,"(택을 보고) 이 옷, 괜찮아?",택,응.
677,택,응.,덕선,니 옷이야.
678,덕선,니 옷이야.,택,아...
679,택,아...,보라,...
680,보라,...,선우,... 누나. 괜찮아요?
681,선우,... 누나. 괜찮아요?,선우,"(물 따르며) 버스는 끊겼구, 택시 불렀어요. 30분 정도 걸린대요."
682,선우,"(물 따르며) 버스는 끊겼구, 택시 불렀어요. 30분 정도 걸린대요.",보라,(끄덕이면)
683,보라,(끄덕이면),선우,어디 아픈 거 아니죠?
684,선우,어디 아픈 거 아니죠?,보라,아니야.
685,보라,아니야.,선우,.. 누나 뭐 먹을래요?
686,선우,.. 누나 뭐 먹을래요?,보라,됐어.. 아무 거나 시켜.
687,보라,됐어.. 아무 거나 시켜.,선우,아줌마! (일어나 아줌마에게 가고)
688,선우,아줌마! (일어나 아줌마에게 가고),선우,저희 순대국 2개 주시구요.
689,선우,저희 순대국 2개 주시구요.,선우,그래두 국물은 괜찮은데..?
690,선우,그래두 국물은 괜찮은데..?,보라,(고개 저으면)
691,보라,(고개 저으면),선우,감사합니다!!
692,선우,감사합니다!!,보라,(보면)
693,보라,(보면),선우,저 아무 말도 안 했어요..!!
694,선우,저 아무 말도 안 했어요..!!,보라,"(피식, 안경 벗고) 선우야, 너 몇 살이니?"
695,보라,"(피식, 안경 벗고) 선우야, 너 몇 살이니?",선우,네..?
696,선우,네..?,보라,몇 살이냐고.
697,보라,몇 살이냐고.,선우,"열여덟살이요. 왜요, 갑자기?"
698,선우,"열여덟살이요. 왜요, 갑자기?",보라,.. 나 너 18년 봤어.
699,보라,.. 나 너 18년 봤어.,선우,..
700,선우,..,보라,딴 애들한텐 다 지랄해도.. 나 너한테는 안 한 것 같은데. 맞지.
701,보라,딴 애들한텐 다 지랄해도.. 나 너한테는 안 한 것 같은데. 맞지.,선우,.. 네.
702,선우,.. 네.,보라,너 진짜 착하거든.
703,보라,너 진짜 착하거든.,선우,...
704,선우,...,보라,나 너 인간적으로 좋아해.
705,보라,나 너 인간적으로 좋아해.,선우,(아..)
706,선우,(아..),보라,나 너랑 이런 관계 깨고 싶지 않아. 무슨 말인지 알지.
707,보라,나 너랑 이런 관계 깨고 싶지 않아. 무슨 말인지 알지.,선우,(수저 놓고) 전 싫은데요?
708,선우,(수저 놓고) 전 싫은데요?,보라,...
709,보라,...,선우,전 누나랑 이런 관계 싫어요. 저한테 아무 의미 없어요.
710,선우,전 누나랑 이런 관계 싫어요. 저한테 아무 의미 없어요.,보라,...
711,보라,...,선우,(주머니에서 이선희 콘서트 표 꺼내 내밀고)
712,선우,(주머니에서 이선희 콘서트 표 꺼내 내밀고),보라,(보면)
713,보라,(보면),선우,같이 가요. 콘서트.
714,선우,같이 가요. 콘서트.,보라,(선우 보면)
715,보라,(선우 보면),선우,".. 친구 누나가 아니라, 남자 대 여자로."
716,선우,".. 친구 누나가 아니라, 남자 대 여자로.",덕선,(NA.) 선이라는 건.. 딱 거기까지라는 뜻이다.
717,덕선,(NA.) 선이라는 건.. 딱 거기까지라는 뜻이다.,덕선,"(NA.) 새로운 관계를 꿈꾼다면, 사랑을 꿈꾼다면,"
718,덕선,"(NA.) 새로운 관계를 꿈꾼다면, 사랑을 꿈꾼다면,",덕선,"(NA.) 물론 세상엔, 절대 넘지 말아야 할.. 선도 있다."
719,덕선,"(NA.) 물론 세상엔, 절대 넘지 말아야 할.. 선도 있다.",정봉,"(그의 어깨에 손을 올리고, 조심히) 저기..!!"
720,정봉,"(그의 어깨에 손을 올리고, 조심히) 저기..!!",정봉,.. 맞죠?
721,정봉,.. 맞죠?,정봉,저 사람..!! 저 사람!!!!! 그 사람이다!!!!! 전두환!!!!!!!!!!!
